USE `space_travel`;

 INSERT INTO clients VALUES(id, 'Олексій');
 INSERT INTO clients VALUES(id, 'Анатолій');
 INSERT INTO clients VALUES(id, 'Олена');
 INSERT INTO clients VALUES(id, 'Яна');
 INSERT INTO clients VALUES(id, 'Дарія');
 INSERT INTO clients VALUES(id, 'Марк');
 INSERT INTO clients VALUES(id, 'Іван');
 INSERT INTO clients VALUES(id, 'Наталія');
 INSERT INTO clients VALUES(id, 'Вероніка');
 INSERT INTO clients VALUES(id, 'Вікторія');


 INSERT INTO planets VALUES('MARS', 'Марс');
 INSERT INTO planets VALUES('VEN', 'Венера');
 INSERT INTO planets VALUES('EARTH', 'Земля');
 INSERT INTO planets VALUES('JUPITER', 'Юпітер');
 INSERT INTO planets VALUES('URAN', 'Уран');
 INSERT INTO planets VALUES('PLUTON', 'Плутон');




  INSERT INTO tickets VALUES(id, '2023-11-18 19:44:13',2, 'PLUTON','URAN');
  INSERT INTO tickets VALUES(id, '2023-11-18T19:44:13.457838600',3, 'PLUTON','JUPITER');
  INSERT INTO tickets VALUES(id, '2023-11-18T19:44:13.457838600',4, 'PLUTON','EARTH');
  INSERT INTO tickets VALUES(id, '2023-11-18T19:44:13.457838600',5, 'PLUTON','VEN');
  INSERT INTO tickets VALUES(id, '2023-11-18T19:44:13.457838600',6, 'EARTH','URAN');
  INSERT INTO tickets VALUES(id, '2023-11-18T19:44:13.457838600',7, 'EARTH','JUPITER');
  INSERT INTO tickets VALUES(id, '2023-11-18T19:44:13.457838600',8, 'EARTH','VEN');
  INSERT INTO tickets VALUES(id, '2023-11-18T19:44:13.457838600',9, 'EARTH','MARS');
  INSERT INTO tickets VALUES(id, '2023-11-18T19:44:13.457838600',9, 'MARS','VEN');
  INSERT INTO tickets VALUES(id, '2023-11-18T19:44:13.457838600',1, 'MARS','EARTH');



